0	GenotypeTT
1	0.098
2	GenotypeAC+CC
3	0.538
4	0.318
5	0.144
6	0.51
7	0.273
8	0.508
9	GenotypeAC+CT
10	0.093
11	0.164
12	0.033
13	0.41
14	0.104
15	0.649
16	0.0
17	0.226
18	0.511
19	0.442
20	0.706
21	Hypoacetylation
22	0.347
23	0.029
24	0.197
25	0.311
26	GenotypeGG
27	0.464
28	0.15
29	0.034
30	0.409
31	0.031
32	0.122
33	0.184
34	0.312
35	0.239
36	0.101
37	0.486
38	0.118
39	1.0
40	0.183
41	Higher_level_of_histone_monomethylation
42	0.743
43	0.052
44	0.139
45	0.535
46	0.109
47	0.126
48	0.818
49	0.606
50	0.432
51	0.371
52	0.327
53	0.377
54	0.064
55	0.274
56	0.143
57	0.297
58	0.069
59	0.421
60	0.39
61	0.714
62	0.263
63	downregulates_SLC19A1
64	0.452
65	Higher_level_of_histone_trimethylation
66	0.147
67	0.217
68	0.165
69	0.041
70	0.195
71	0.235
72	0.844
73	0.35
74	0.301
75	0.113
76	Higher_level_of_histone_dimethylation
77	0.099
78	0.28
79	0.622
80	0.348
81	0.506
82	downregulates_SLC22A3
83	0.089
84	0.29
85	0.453
86	0.585
87	0.043
88	0.373
89	0.623
90	GenotypeGG+GT
91	0.525
92	GenotypeTTA/de
93	0.484
94	0.096
95	0.037
96	0.167
97	0.618
98	0.227
99	0.056
100	0.212
101	0.302
102	0.063
103	0.378
104	0.459
105	0.088
106	0.524
107	0.3
108	0.449
109	0.299
110	0.296
111	0.25
112	0.433
113	0.145
114	0.344
115	Lower_expression_of_lncRNA-SANT1
116	0.057
117	0.581
118	AlleleA
119	0.172
120	0.338
121	0.234
122	0.324
123	0.355
124	0.206
125	0.053
126	0.076
127	0.054
128	0.5
129	GenotypeCG
130	0.025
131	0.074
132	0.286
133	0.341
134	0.393
135	0.6
136	0.385
137	0.256
138	0.694
139	0.159
140	0.345
141	0.423
142	0.045
143	0.369
144	0.326
145	0.395
146	0.229
147	0.028
148	0.111
149	0.136
150	0.485
151	0.138
152	gene
153	0.106
154	0.466
155	0.198
156	0.262
157	0.039
158	0.441
159	0.265
160	0.061
161	0.27
162	GenotypeAA+AG
163	0.07
164	regulates_ABCG2
165	0.114
166	0.105
167	0.218
168	0.359
169	0.205
170	0.174
171	0.408
172	0.121
173	GenotypeAA+CC
174	0.238
175	0.283
176	0.224
177	0.291
178	0.379
179	0.092
180	0.178
181	0.651
182	0.156
183	0.473
184	0.142
185	0.414
186	0.157
187	0.8
188	0.533
189	0.095
190	0.137
191	GenotypeCT
192	0.119
193	0.158
194	0.216
195	0.384
196	0.26
197	0.308
198	0.509
199	0.091
200	sider_effect
201	0.469
202	0.214
203	0.131
204	0.37
205	0.078
206	0.072
207	GenotypeAT
208	0.319
209	0.189
210	0.758
211	GenotypeAA
212	0.135
213	0.233
214	0.444
215	0.11
216	0.228
217	0.026
218	0.321
219	0.543
220	0.33
221	0.357
222	0.049
223	0.219
224	0.337
225	0.406
226	0.115
227	0.196
228	0.636
229	0.116
230	0.213
231	0.329
232	0.153
233	0.488
234	Minor
235	0.382
236	0.058
237	0.117
238	0.209
239	0.253
240	GenotypeCG+GG
241	0.19
242	0.438
243	0.32
244	GenotypeGT
245	0.1
246	0.085
247	0.03
248	0.492
249	0.231
250	0.275
251	0.639
252	0.067
253	0.17
254	0.185
255	0.467
256	0.306
257	0.276
258	0.648
259	0.261
260	0.046
261	0.108
262	0.31
263	0.123
264	0.579
265	0.323
266	0.243
267	GenotypeAT+TT
268	0.162
269	0.367
270	0.342
271	0.177
272	0.081
273	High_expression
274	regulates_SLC7A5
275	0.21
276	0.394
277	downregulates_ABCC5
278	0.192
279	0.375
280	GenotypeCACATACCATGCAACATACACACTCAGACA/CACATACCATGCAACATACACACTCAGACA
281	0.24
282	AlleleG
283	0.14
284	0.079
285	0.232
286	0.05
287	0.278
288	GenotypeGAT/DEL
289	0.289
290	Higher_expression
291	Methylation
292	0.293
293	0.411
294	0.603
295	Inducer
296	0.163
297	0.171
298	0.875
299	0.13
300	0.242
301	0.086
302	0.087
303	drug
304	0.148
305	0.169
306	0.247
307	Hypermethylation_
308	0.107
309	Activator
310	0.541
311	0.592
312	0.073
313	0.193
314	0.317
315	0.128
316	0.769
317	0.351
318	0.055
319	downregulates
320	GenotypeAA+AC
321	0.152
322	0.405
323	0.264
324	0.133
325	0.481
326	0.34
327	Major
328	GenotypeCT+TT
329	0.051
330	0.225
331	0.16
332	0.207
333	0.482
334	0.343
335	0.168
336	0.389
337	0.349
338	GenotypeTT+CT
339	GenotypeAA+AT
340	0.597
341	0.368
342	0.493
343	0.294
344	0.448
345	downregulates_ABCG1
346	0.161
347	0.048
348	0.071
349	0.208
350	0.429
351	0.267
352	GenotypeAG
353	GenotypeAG+GG
354	0.698
355	0.077
356	0.151
357	0.478
358	0.595
359	0.646
360	0.358
361	0.22
362	0.035
363	0.548
364	0.304
365	0.36
366	GenotypeGG+AG
367	0.141
368	silencingincreased
369	Moderate
370	0.127
371	0.044
372	0.512
373	0.241
374	AlleleT
375	0.303
376	0.146
377	0.407
378	0.619
379	0.857
380	0.027
381	0.222
382	GenotypeGT+TT
383	0.831
384	0.696
385	0.435
386	0.424
387	0.215
388	0.186
389	Inhibition
390	directlytargets
391	0.237
392	downregulates_SLCO1A2
393	endogenous_metabolite
394	0.097
395	Lower_expression
396	0.727
397	0.75
398	GenotypeCC
399	0.314
400	0.531
401	0.551
402	0.257
403	0.176
404	0.179
405	0.576
406	0.246
407	0.036
408	0.271
409	0.413
410	0.427
411	0.258
412	0.73
413	AlleleC
414	Modulator
415	0.272
416	0.188
417	Hypomethylation
418	0.154
419	0.687
420	0.062
421	regulates
422	Hypermethylation
423	downregulate
424	0.391
425	0.658
426	0.328
427	0.333
428	0.483
429	0.125
430	Hyperacetylation
431	0.562
432	0.155
433	0.268
434	0.173
435	0.204
436	0.082
437	0.102
438	0.066
439	0.149
440	0.532
441	0.465
442	0.418
443	0.094
444	0.132
445	0.187
446	0.038
447	0.4
448	0.06
449	0.295
450	downregulates_ABCB1
451	0.254
452	0.542
453	0.553
454	0.625
455	0.366
456	0.354
457	0.617
458	0.364
459	0.471
460	0.353
461	0.507
462	0.2
463	0.667
464	0.23
465	downregulates_ABCG2
466	0.325
467	0.211
468	GenotypeCC+CT
469	0.244
470	0.068
471	0.387
472	0.103
473	0.075
474	0.361
475	Blocker
476	0.04
477	0.047
478	Lower_level_of_histone_trimethylation
479	0.316
480	0.269
481	0.175
482	0.594
483	downregulates_SLC46A1
484	0.279
485	0.746
486	0.339
487	0.735
488	0.255
489	0.386
490	0.833
491	0.381
492	0.313
493	0.084
494	0.18
495	0.58
496	0.708
497	0.042
498	0.09
499	0.372
500	0.059
501	0.191
502	GenotypeAA+TT
503	GenotypeGA
504	0.194
505	0.245
506	0.305
507	0.112
508	0.12
509	0.282
510	0.129
511	GenotypeAC
512	GenotypeAT+CT
513	Low_expression
514	Lower_level_of_histone_dimethylation
515	0.203
516	0.182
517	GenotypeCC+CG
518	0.08
519	0.065
520	0.083
521	0.259
522	0.277
523	0.032
524	0.46
525	0.202
526	0.281
527	0.134
528	0.124
